hash,block_number,from_address,to_address,value,transaction_day,root_node
0xe835bb92c72224384a71dc64e02e4c2865aeb2cf46aff81535beb3ac0d516055,23445231,0x48cce57c4d2dbb31eaf79575abf482bbb8dc071d,0xa2a786ff9148f7c88ee93372db8cbe9e94585c74,300016769998000982,2025-09-26 00:00:00.000000 UTC,0x8aee90d162bc7a53a2904d74bc48d6dc3ba1db6c
0x6db3a5f67c66c9c21ef439f493a56e7c3f918975e5da14d9526880641f8d7a91,23540474,0xdc57e657af7554c5d5bf8937650329931bbc5582,0xa2a786ff9148f7c88ee93372db8cbe9e94585c74,14726544000000,2025-10-09 00:00:00.000000 UTC,0x8aee90d162bc7a53a2904d74bc48d6dc3ba1db6c
0xe1aafc49dd3559b4d0f8daefed9379a8f5a7b5230531d2fc989e00a4c8fbb86c,23506006,0x8aee90d162bc7a53a2904d74bc48d6dc3ba1db6c,0x28be6260dbb7872de5effc9a4a73c85b7405a8c0,0,2025-10-04 00:00:00.000000 UTC,0x8aee90d162bc7a53a2904d74bc48d6dc3ba1db6c
0x8f4358ed7b87b0f8cc629fcda5fde5bb5a3937eeabd94187795888de3ee597af,23453491,0x88640183d9d0a7bff090129713784e42db7b7779,0xa2a786ff9148f7c88ee93372db8cbe9e94585c74,7155164341034,2025-09-27 00:00:00.000000 UTC,0x8aee90d162bc7a53a2904d74bc48d6dc3ba1db6c
0x0af0bbe59fd8c7ae98421360b805d5153294c55bc4d895a33ae9e6e9a32bc6f1,23453729,0x2d34816c3c83554ce97144c623c381b303aba732,0xa2a786ff9148f7c88ee93372db8cbe9e94585c74,7170386585915,2025-09-27 00:00:00.000000 UTC,0x8aee90d162bc7a53a2904d74bc48d6dc3ba1db6c
0xbf631736725587a603cb25b1cbc54c572849d127f3b6e3217f03de24b4d9800f,23520028,0x70bde14a67f6ccace6d27f07b58c96c6c6bf9dc3,0xa2a786ff9148f7c88ee93372db8cbe9e94585c74,35378666384279,2025-10-06 00:00:00.000000 UTC,0x8aee90d162bc7a53a2904d74bc48d6dc3ba1db6c
0x7d73b0eba0351aa8b1fdfc56a6311ac7cedea7a894ddc534fd75f14bdae046c0,23532158,0x8aee90d162bc7a53a2904d74bc48d6dc3ba1db6c,0x6cd2e2507ca7177debd76f8a8c581e055c39d9bf,1000000000000000,2025-10-08 00:00:00.000000 UTC,0x8aee90d162bc7a53a2904d74bc48d6dc3ba1db6c
0x4779f34eafb218c50eb19b9b3352e832cf1b271baaaf7b8a73ea0aa627eef8af,23503476,0xfca4c188292b99f33720ce897fc4e2d50e967cec,0xa2a786ff9148f7c88ee93372db8cbe9e94585c74,72006238780,2025-10-04 00:00:00.000000 UTC,0x8aee90d162bc7a53a2904d74bc48d6dc3ba1db6c
0x7ec42a68b3510396a72d886d602c117710358e35edc83c95b1ceb7170ed3a9bd,23618823,0x7193342f776ebc03d819dce344a4cb8218613f2e,0xa2a786ff9148f7c88ee93372db8cbe9e94585c74,12113057488374,2025-10-20 00:00:00.000000 UTC,0x8aee90d162bc7a53a2904d74bc48d6dc3ba1db6c
0x12e8581972c78dcae00d5064d4a1f2fb0ef7fda09745d5bbffe4daeeadbe105f,23480648,0xafd8fb69e850d2da8ac47e4443b0140f4de5fb4f,0xa2a786ff9148f7c88ee93372db8cbe9e94585c74,14051857576355,2025-10-01 00:00:00.000000 UTC,0x8aee90d162bc7a53a2904d74bc48d6dc3ba1db6c
0x862de94a0e87b703b7424a3c4b252fdb460078ecb29f61c37deccbf8ee47bf98,23487979,0x2e5095ab71f4be67e24e05fc768d525a00c7d1d3,0xa2a786ff9148f7c88ee93372db8cbe9e94585c74,6067768924514,2025-10-02 00:00:00.000000 UTC,0x8aee90d162bc7a53a2904d74bc48d6dc3ba1db6c
0x372e5aa0c520fc9eadfb6ca2bc27c3ace51304f177c1193b486f03e2f8459702,23503220,0xa57733d5c570732c6fbee7013f553bf7716881a3,0xa2a786ff9148f7c88ee93372db8cbe9e94585c74,11866721309255,2025-10-04 00:00:00.000000 UTC,0x8aee90d162bc7a53a2904d74bc48d6dc3ba1db6c
0xf9677d5f5d6f272cc5426698a561baf66fe88fc56ac6459aeb391effd8142d3a,23435078,0x3f47a66ada01491c3d364599e5bcbf80a1a67092,0xa2a786ff9148f7c88ee93372db8cbe9e94585c74,7051135058640,2025-09-24 00:00:00.000000 UTC,0x8aee90d162bc7a53a2904d74bc48d6dc3ba1db6c
0x1c24a7406babc6494ae82c9947e040ff2d4fbb1fc9b0d5ac971ea66638e3d44f,23491926,0xa57733d5c570732c6fbee7013f553bf7716881a3,0xa2a786ff9148f7c88ee93372db8cbe9e94585c74,59964633314,2025-10-02 00:00:00.000000 UTC,0x8aee90d162bc7a53a2904d74bc48d6dc3ba1db6c
0x1a46301e7d9764dff0852b9c942e78ca20f63f0289d12a409b88cb871ebc83cd,23506278,0xc3d6b12a1a5d9d74a4d02440212f3e3e38dcfae1,0xa2a786ff9148f7c88ee93372db8cbe9e94585c74,9713491975631,2025-10-04 00:00:00.000000 UTC,0x8aee90d162bc7a53a2904d74bc48d6dc3ba1db6c
0xda1b7c609863645b9260a65d22972e80f6700ba19504780e6296f9ff5c7d6ad0,23514296,0xfca4c188292b99f33720ce897fc4e2d50e967cec,0xa2a786ff9148f7c88ee93372db8cbe9e94585c74,48011416378,2025-10-05 00:00:00.000000 UTC,0x8aee90d162bc7a53a2904d74bc48d6dc3ba1db6c
0x5d99ef65acee7c795838eb4d6ad9a405422c9cfd884258254c8ff9629b673fc7,23503703,0x18ca32bc90ead44a3e6f633f146789958ef00ac7,0xa2a786ff9148f7c88ee93372db8cbe9e94585c74,13806879512936,2025-10-04 00:00:00.000000 UTC,0x8aee90d162bc7a53a2904d74bc48d6dc3ba1db6c
0x67f5c101fd2bb1542fbc06e02f7ad98f37748025f97c5cfe2c241480f3856d87,23552849,0x3653fe5f0c533a343a9166b5bf90f2a3032e64df,0xa2a786ff9148f7c88ee93372db8cbe9e94585c74,53135511080242,2025-10-11 00:00:00.000000 UTC,0x8aee90d162bc7a53a2904d74bc48d6dc3ba1db6c
0xcfded1609271fcfc9ac274e0817d029bb63914c4a21c307ab080e5ecb1c9ae9c,23613622,0xa57733d5c570732c6fbee7013f553bf7716881a3,0xa2a786ff9148f7c88ee93372db8cbe9e94585c74,11922877043781,2025-10-19 00:00:00.000000 UTC,0x8aee90d162bc7a53a2904d74bc48d6dc3ba1db6c
0x2a80f95b371b10921909613f49f5e84d4265ede6086eb4b038db62e95f8784d1,23427862,0xdc8e171e221d4971ffadc3dea6c845ef17dd42a6,0xa2a786ff9148f7c88ee93372db8cbe9e94585c74,600010031017727177,2025-09-23 00:00:00.000000 UTC,0x8aee90d162bc7a53a2904d74bc48d6dc3ba1db6c
0x2e17c3d2fc2d233302bf0422f84769c366bf9c1f3e3b5730994d6bb76d5f679b,23612092,0x198d400fc7f4a06e8161f4cb04eab856b0ae7edd,0xa2a786ff9148f7c88ee93372db8cbe9e94585c74,12335469218420,2025-10-19 00:00:00.000000 UTC,0x8aee90d162bc7a53a2904d74bc48d6dc3ba1db6c
0x596e8607d41f60af543f97113350c43add6bd2329dc63b11f6b973ac17630e29,23516764,0xa57733d5c570732c6fbee7013f553bf7716881a3,0xa2a786ff9148f7c88ee93372db8cbe9e94585c74,11911272631404,2025-10-06 00:00:00.000000 UTC,0x8aee90d162bc7a53a2904d74bc48d6dc3ba1db6c
0xb7e3fc404fca2da730e19abba0dc5f98d465f7dc9e9ad2aed2a02353c871a712,23445785,0x48cce57c4d2dbb31eaf79575abf482bbb8dc071d,0xa2a786ff9148f7c88ee93372db8cbe9e94585c74,100050704530145140,2025-09-26 00:00:00.000000 UTC,0x8aee90d162bc7a53a2904d74bc48d6dc3ba1db6c
0x192eb6f0ef72a597a5c176d602d0e49a5cab3b4b62006a38c0e406f86bbeb90d,23426971,0x8aee90d162bc7a53a2904d74bc48d6dc3ba1db6c,0xf7dd6107b94af76deffd118bfa12a70c1891bcd8,0,2025-09-23 00:00:00.000000 UTC,0x8aee90d162bc7a53a2904d74bc48d6dc3ba1db6c
0xf0e9cc1f800a116d4a063e50a7e515814ecbf47d8c4a267fa8af91b29d3596b4,23532273,0xac2a0e3816c8ff1e8a4b0bd6d59b0f7d6389785f,0x3ac7a6635d99f376c3c05442f7eef62d349c3a55,0,2025-10-08 00:00:00.000000 UTC,0x8aee90d162bc7a53a2904d74bc48d6dc3ba1db6c
0xa5323abf3c92b4a8023e22f70a3c918a1bcd440fe49eaf849caffce110864fdb,23453150,0x8aee90d162bc7a53a2904d74bc48d6dc3ba1db6c,0xdac17f958d2ee523a2206206994597c13d831ec7,0,2025-09-27 00:00:00.000000 UTC,0x8aee90d162bc7a53a2904d74bc48d6dc3ba1db6c
0x77a43a537cf060f706a4b1e7a2fb44a6aabcaf5f7538a02c4fcff2fd716d8a62,23470708,0x8aee90d162bc7a53a2904d74bc48d6dc3ba1db6c,0xa0b86991c6218b36c1d19d4a2e9eb0ce3606eb48,0,2025-09-29 00:00:00.000000 UTC,0x8aee90d162bc7a53a2904d74bc48d6dc3ba1db6c
0xf9e0140c4fbb294c37fbae927e77f20104b0651d11397a334b75527583a5ea1b,23437562,0xb82c8263815297f9bdb7a62bb26ecde60cec6f6f,0xa2a786ff9148f7c88ee93372db8cbe9e94585c74,15833751648769,2025-09-25 00:00:00.000000 UTC,0x8aee90d162bc7a53a2904d74bc48d6dc3ba1db6c
0xa181d799770ff43e995bf8e947dc22f7aacd21e899d0d37acba7c25ddd283d30,23571863,0x8f5e97e1e3d47a2f223a67e06de21f067b7779db,0xa2a786ff9148f7c88ee93372db8cbe9e94585c74,15509576600879,2025-10-13 00:00:00.000000 UTC,0x8aee90d162bc7a53a2904d74bc48d6dc3ba1db6c
0x7d73b0eba0351aa8b1fdfc56a6311ac7cedea7a894ddc534fd75f14bdae046c0,23532158,0x8aee90d162bc7a53a2904d74bc48d6dc3ba1db6c,0x6cd2e2507ca7177debd76f8a8c581e055c39d9bf,1000000000000000,2025-10-08 00:00:00.000000 UTC,0x8aee90d162bc7a53a2904d74bc48d6dc3ba1db6c
0xe8506bae010c859d8475cbe3503942b293d0fbb974c0b2d0a4833d7c66a4329e,23512320,0xc6d252fe5624d7656bed08dc7c7e507af390100e,0xa2a786ff9148f7c88ee93372db8cbe9e94585c74,8908947015285,2025-10-05 00:00:00.000000 UTC,0x8aee90d162bc7a53a2904d74bc48d6dc3ba1db6c
0x4f0db03437eb6c039d6d24e44f032dd04093395f8a16bebb5cd0bca557ed45a3,23436716,0xc6d252fe5624d7656bed08dc7c7e507af390100e,0xa2a786ff9148f7c88ee93372db8cbe9e94585c74,8617348118428,2025-09-25 00:00:00.000000 UTC,0x8aee90d162bc7a53a2904d74bc48d6dc3ba1db6c
0xef7e83d21f687c2b410687bf269431d72e1bc3d3cc9f6ccd3e823918393b3b8d,23445318,0x48cce57c4d2dbb31eaf79575abf482bbb8dc071d,0xa2a786ff9148f7c88ee93372db8cbe9e94585c74,100010245994775413,2025-09-26 00:00:00.000000 UTC,0x8aee90d162bc7a53a2904d74bc48d6dc3ba1db6c
0xdea84c5ccc1889b89238026a6b525875a2fbaf78c78620e4478917acd573afc2,23445632,0xb045246d7ea7a033a987c55c2e9241fb0937161b,0xa2a786ff9148f7c88ee93372db8cbe9e94585c74,11778989030282,2025-09-26 00:00:00.000000 UTC,0x8aee90d162bc7a53a2904d74bc48d6dc3ba1db6c
0x0add7f2bcc44332e1a7eef2b904bf3a4bb6827b3fb7480f6c867d919e26ed9bb,23627563,0xc3d09017a4d34006bb6269f164e41d3088a5ce03,0xa2a786ff9148f7c88ee93372db8cbe9e94585c74,25684047192875,2025-10-21 00:00:00.000000 UTC,0x8aee90d162bc7a53a2904d74bc48d6dc3ba1db6c
0xd382acd1db74d185848c1709b4fcb0fcd4b3090ffcd0836f99affb5ea3aa7473,23425615,0xe5ae5aac9a19ec43abdd161e95640a1cc12ae348,0xa2a786ff9148f7c88ee93372db8cbe9e94585c74,9267753635107,2025-09-23 00:00:00.000000 UTC,0x8aee90d162bc7a53a2904d74bc48d6dc3ba1db6c
0x9bcd076413bf69e052d508f15948879d13d6fa3c702a346d98e28ddfaea1a06b,23590466,0x3f47a66ada01491c3d364599e5bcbf80a1a67092,0xa2a786ff9148f7c88ee93372db8cbe9e94585c74,5464140526916,2025-10-16 00:00:00.000000 UTC,0x8aee90d162bc7a53a2904d74bc48d6dc3ba1db6c
0x858485215900e9bba970e1f9b67c4416b2afcff46635e6be6b72b2789c7156ac,23480116,0xb82c8263815297f9bdb7a62bb26ecde60cec6f6f,0xa2a786ff9148f7c88ee93372db8cbe9e94585c74,17147803934589,2025-10-01 00:00:00.000000 UTC,0x8aee90d162bc7a53a2904d74bc48d6dc3ba1db6c
0x1f64397b6665765394c095df15354cdb880908322aa19a9fb00dd79accfb16e2,23572425,0xc6d252fe5624d7656bed08dc7c7e507af390100e,0xa2a786ff9148f7c88ee93372db8cbe9e94585c74,5983371192799,2025-10-14 00:00:00.000000 UTC,0x8aee90d162bc7a53a2904d74bc48d6dc3ba1db6c
0x71fa60fd8525210ea22d9c36518334f7f71dfdf786d7137582368bf07ae45b6b,23566856,0x28ef7b4252ac35266f5a16af86046356ce60fad0,0xa2a786ff9148f7c88ee93372db8cbe9e94585c74,0,2025-10-13 00:00:00.000000 UTC,0x8aee90d162bc7a53a2904d74bc48d6dc3ba1db6c
0xd5828a8be4a922abbe076a903b83d28ce11c335a8eb714c2c3f70315c402fcc2,23472003,0x342b7e6b9b2b4bdd25c21c27c689d8b654102c32,0xa2a786ff9148f7c88ee93372db8cbe9e94585c74,21117147189160,2025-09-29 00:00:00.000000 UTC,0x8aee90d162bc7a53a2904d74bc48d6dc3ba1db6c
0xe8e96eb8d43f3e8407eff919713941d810bb70fc7886e6d84977b15d26be453a,23493900,0x13cbd624af484c4c695ff0e1d0b7e125d45f2c76,0xa2a786ff9148f7c88ee93372db8cbe9e94585c74,16929787266880,2025-10-03 00:00:00.000000 UTC,0x8aee90d162bc7a53a2904d74bc48d6dc3ba1db6c
0x9cf3bc479f644998a700b7e549ee832829600721fe6bdee4142610baaf498034,23620265,0xd298006535a88ecb20b238b9a1ed6a36b4ddc831,0xa2a786ff9148f7c88ee93372db8cbe9e94585c74,8114801398106,2025-10-20 00:00:00.000000 UTC,0x8aee90d162bc7a53a2904d74bc48d6dc3ba1db6c
0x43e10cd4104a4ea60502ce2855893f583946f2fb58c0272f50c8b6f5fe3288dd,23471767,0xc6d252fe5624d7656bed08dc7c7e507af390100e,0xa2a786ff9148f7c88ee93372db8cbe9e94585c74,8432672159831,2025-09-29 00:00:00.000000 UTC,0x8aee90d162bc7a53a2904d74bc48d6dc3ba1db6c
0xc7b8285a47aeaababef58f76d92f721e8d6d4236871e2b14fb2888448589ed76,23429235,0xe441518c788e700e701b6b029355007b92bcefc7,0xa2a786ff9148f7c88ee93372db8cbe9e94585c74,3117725041851,2025-09-24 00:00:00.000000 UTC,0x8aee90d162bc7a53a2904d74bc48d6dc3ba1db6c
0xd451afec58d4ef3379eb9bc310bad7860a3f61385000c11168a8ced6338c17e0,23519970,0x843535fd571f32ac8cae13682aeb04cfec7d51ca,0xa2a786ff9148f7c88ee93372db8cbe9e94585c74,5997492893746,2025-10-06 00:00:00.000000 UTC,0x8aee90d162bc7a53a2904d74bc48d6dc3ba1db6c
0x91bbed57216115784ffaa4c2ea016e1f4424b762a364006af73c0671a799170b,23519297,0xf7073f14e86e89ecb2e43ada2f0d55949eaec966,0xa2a786ff9148f7c88ee93372db8cbe9e94585c74,63849577000596,2025-10-06 00:00:00.000000 UTC,0x8aee90d162bc7a53a2904d74bc48d6dc3ba1db6c
0xb66db5d4b2dbdfae345bf5d89846688399d83f095dfc619d867c52dae1c2d16a,23595449,0xa57733d5c570732c6fbee7013f553bf7716881a3,0xa2a786ff9148f7c88ee93372db8cbe9e94585c74,11893904946611,2025-10-17 00:00:00.000000 UTC,0x8aee90d162bc7a53a2904d74bc48d6dc3ba1db6c
0xc4b08b7cbb054763dbe593f3e49f340c2dca32e29a6a58432bc2ead87845aa31,23582012,0x5e9f744596ecdc1f03c1b5d0e1ba49a5c5b8060d,0xa2a786ff9148f7c88ee93372db8cbe9e94585c74,28165199988792,2025-10-15 00:00:00.000000 UTC,0x8aee90d162bc7a53a2904d74bc48d6dc3ba1db6c
0x3d30dff5d8d949436875e012f16d75a72d86405b3df7c23be70a973285b9a107,23603592,0xf5fffdbcda727b87b2c750c7fa208ec0893a18ee,0xa2a786ff9148f7c88ee93372db8cbe9e94585c74,6493154221262,2025-10-18 00:00:00.000000 UTC,0x8aee90d162bc7a53a2904d74bc48d6dc3ba1db6c
0x9e7014bb34e6f4f58fe63c3f0937b2dc5ff53fb24ad0fafb1bfc7a149004d1d4,23489281,0xa5564d22c8b18015fd1a73f4a0665cd67396cdc0,0xa2a786ff9148f7c88ee93372db8cbe9e94585c74,9930067177116,2025-10-02 00:00:00.000000 UTC,0x8aee90d162bc7a53a2904d74bc48d6dc3ba1db6c
0x42a7c15cd333049d22658000be7854a388c092def8df369b75060636559cdd1d,23466991,0x57785ee69c0b006821950342070fff68636e3130,0xa2a786ff9148f7c88ee93372db8cbe9e94585c74,300014130077003876,2025-09-29 00:00:00.000000 UTC,0x8aee90d162bc7a53a2904d74bc48d6dc3ba1db6c
0x71cf8dcbd4824bfe8f87c2e4c98a02debe40c2ab28be202ebc67c3274ff5f36b,23635358,0x5221fe845a6eb381af787196d70cda5cda6dece4,0xa2a786ff9148f7c88ee93372db8cbe9e94585c74,6086025052093,2025-10-22 00:00:00.000000 UTC,0x8aee90d162bc7a53a2904d74bc48d6dc3ba1db6c
0x18580520a0bd2612e26a6a25cc7c5369d8c0c69ebf68b83086968e63a87bab5c,23445379,0x48cce57c4d2dbb31eaf79575abf482bbb8dc071d,0xa2a786ff9148f7c88ee93372db8cbe9e94585c74,100010222081528391,2025-09-26 00:00:00.000000 UTC,0x8aee90d162bc7a53a2904d74bc48d6dc3ba1db6c
0xcb744ccedcfa527c049a62aff1a21e4fe3c75c08cc0409019498179a446429ae,23552553,0x7952a588d0fcba0a2e2ad9f2499041b0b647b305,0xa2a786ff9148f7c88ee93372db8cbe9e94585c74,44378382987084,2025-10-11 00:00:00.000000 UTC,0x8aee90d162bc7a53a2904d74bc48d6dc3ba1db6c
0x204e5358462f1b112de9f7a5dbfe13543223cc754d51957da1574c29c54fa36a,23481892,0x8aee90d162bc7a53a2904d74bc48d6dc3ba1db6c,0xa0b86991c6218b36c1d19d4a2e9eb0ce3606eb48,0,2025-10-01 00:00:00.000000 UTC,0x8aee90d162bc7a53a2904d74bc48d6dc3ba1db6c
0xf70dc9f4fd4a5e775fdfb9ba318d2f9b5b140d6d2b41df9fb740fe47e176cfe2,23569201,0xd298006535a88ecb20b238b9a1ed6a36b4ddc831,0xa2a786ff9148f7c88ee93372db8cbe9e94585c74,346674249970287,2025-10-13 00:00:00.000000 UTC,0x8aee90d162bc7a53a2904d74bc48d6dc3ba1db6c
0xa83e02fffa19ede28592dc28f1d24cc32a6413c225422b28087bb16267be7e22,23538342,0x44d29f42ea82d1e25cc070d7ae696494fe2eb432,0xa2a786ff9148f7c88ee93372db8cbe9e94585c74,0,2025-10-09 00:00:00.000000 UTC,0x8aee90d162bc7a53a2904d74bc48d6dc3ba1db6c
0x8032b66e3cb8ac88bfaf5fdf0ba95aa4667f3f7e69d4a02f5b7a473f72127d1a,23500881,0x936e33a31f21de2fa9c3704029803895a446e738,0xa2a786ff9148f7c88ee93372db8cbe9e94585c74,100008711336947121,2025-10-04 00:00:00.000000 UTC,0x8aee90d162bc7a53a2904d74bc48d6dc3ba1db6c
0xac3876a85e750951c622b17025a041421c33c1bec2262e8ad2ac696b55167bf4,23631503,0xd298006535a88ecb20b238b9a1ed6a36b4ddc831,0xa2a786ff9148f7c88ee93372db8cbe9e94585c74,8980482914595,2025-10-22 00:00:00.000000 UTC,0x8aee90d162bc7a53a2904d74bc48d6dc3ba1db6c
0xb597bd7a9ee167d579d5195ec9feec348616b42aaa9077c02d53363cee085ce4,23568345,0x7553d898b5e699ade29b874270b39babdd72ba68,0xa2a786ff9148f7c88ee93372db8cbe9e94585c74,23416598802607,2025-10-13 00:00:00.000000 UTC,0x8aee90d162bc7a53a2904d74bc48d6dc3ba1db6c
0xc79de4d25c1576b44ed30097de884167146492c1c43dee0b1b05886206031d5f,23544547,0xafd8fb69e850d2da8ac47e4443b0140f4de5fb4f,0xa2a786ff9148f7c88ee93372db8cbe9e94585c74,15884946211554,2025-10-10 00:00:00.000000 UTC,0x8aee90d162bc7a53a2904d74bc48d6dc3ba1db6c
0xb91d51149733db8e4d4567dbddeb14e6e5d004fa9bcf63d9d98821423b930e53,23597091,0x144a587c4e0bb68defaa482d3c62e69ff6e03215,0xa2a786ff9148f7c88ee93372db8cbe9e94585c74,6429380477531,2025-10-17 00:00:00.000000 UTC,0x8aee90d162bc7a53a2904d74bc48d6dc3ba1db6c
0x8865b8827ccda18fdc4f56395a3c0a7b5fed54596881a10f5198cc7c560ce2a4,23552702,0xc3c33437b840fee4e5c9f52d16d67a3569ff4885,0xa2a786ff9148f7c88ee93372db8cbe9e94585c74,8075365588485,2025-10-11 00:00:00.000000 UTC,0x8aee90d162bc7a53a2904d74bc48d6dc3ba1db6c
0x4558b5bf8bbb6da69b34dcb871ea61d0e44859d0ee555d2a4474280f773d6011,23559139,0x5561f038fbb699ac6e1a07de9153153ba5ae42ac,0xa2a786ff9148f7c88ee93372db8cbe9e94585c74,227422269303364,2025-10-12 00:00:00.000000 UTC,0x8aee90d162bc7a53a2904d74bc48d6dc3ba1db6c
0x3d70f20269c8c91e94398564b90d599a005eabcc1353ac7c7db6ac2dc52b0d09,23524341,0xa57733d5c570732c6fbee7013f553bf7716881a3,0xa2a786ff9148f7c88ee93372db8cbe9e94585c74,12055128131467,2025-10-07 00:00:00.000000 UTC,0x8aee90d162bc7a53a2904d74bc48d6dc3ba1db6c
0xfe59cfd0800d14a809769bd17856fdd40ad4322bb318713a95a07f5d679a12c5,23429015,0xe441518c788e700e701b6b029355007b92bcefc7,0xa2a786ff9148f7c88ee93372db8cbe9e94585c74,3094767184714,2025-09-23 00:00:00.000000 UTC,0x8aee90d162bc7a53a2904d74bc48d6dc3ba1db6c
0x681d25459952bb44bfb29792ebbe02c199ba4246b0941602a32ea988796706f6,23533702,0x70bde14a67f6ccace6d27f07b58c96c6c6bf9dc3,0xa2a786ff9148f7c88ee93372db8cbe9e94585c74,39773578186362,2025-10-08 00:00:00.000000 UTC,0x8aee90d162bc7a53a2904d74bc48d6dc3ba1db6c
0x20052dd283e51340bf41aeefd734038d29805518ffe28c94e204b7b89be0a1a8,23473938,0x18ca32bc90ead44a3e6f633f146789958ef00ac7,0xa2a786ff9148f7c88ee93372db8cbe9e94585c74,13572931651867,2025-09-30 00:00:00.000000 UTC,0x8aee90d162bc7a53a2904d74bc48d6dc3ba1db6c
0x43f619ab262186210f75d39e627535699bbc4a98e249ae5b690a1c50d0450386,23615293,0xc6d252fe5624d7656bed08dc7c7e507af390100e,0xa2a786ff9148f7c88ee93372db8cbe9e94585c74,6284661259019,2025-10-20 00:00:00.000000 UTC,0x8aee90d162bc7a53a2904d74bc48d6dc3ba1db6c
0xc3cffb0fe7f6b195c68b287d5979438ca272c438b817306631f8f109eecca570,23426016,0xf8e3961792c0a9d8bff4aac772ef35edde700416,0xa2a786ff9148f7c88ee93372db8cbe9e94585c74,0,2025-09-23 00:00:00.000000 UTC,0x8aee90d162bc7a53a2904d74bc48d6dc3ba1db6c
0xbd6123b324644a89ae92b253c95ac00c143ae8188d91f6f54bccf4174ef78e09,23623644,0x707076fb70def4b49a4765a593e86cd65cf2fef9,0xa2a786ff9148f7c88ee93372db8cbe9e94585c74,12982818937484,2025-10-21 00:00:00.000000 UTC,0x8aee90d162bc7a53a2904d74bc48d6dc3ba1db6c
0x20e096ff0b6c6ab38fff1ce96bafa26043a28c15b03670e552d4a4942a3dc6a3,23511843,0xefc24206053a452e2299bf3b8f964512b041db4c,0xa2a786ff9148f7c88ee93372db8cbe9e94585c74,7537792169047,2025-10-05 00:00:00.000000 UTC,0x8aee90d162bc7a53a2904d74bc48d6dc3ba1db6c
0xe202e973dc5af08ddb472ad36b2202b2734e3a2bdba38e444f823b5ee1f11fbe,23610240,0x45f7e598400a8413825fee310bfeefb217ace07c,0xa2a786ff9148f7c88ee93372db8cbe9e94585c74,11879766325243,2025-10-19 00:00:00.000000 UTC,0x8aee90d162bc7a53a2904d74bc48d6dc3ba1db6c
0x949a7f37e1ac3b4254a98c7b7ee4e0e66b0804527e75a25bc7a6105991c355ac,23438016,0x58d6f20e74282737dfbac05de198607d6117b37d,0xa2a786ff9148f7c88ee93372db8cbe9e94585c74,58009318214894800,2025-09-25 00:00:00.000000 UTC,0x8aee90d162bc7a53a2904d74bc48d6dc3ba1db6c
0xe87863ca7db85a5d62912dba6caca747132937a8ff0aebe387adb53c3677e93b,23505799,0x04578e7ce3c325766c37a8201c1b3a35465075f3,0x8aee90d162bc7a53a2904d74bc48d6dc3ba1db6c,36956377930237542,2025-10-04 00:00:00.000000 UTC,0x8aee90d162bc7a53a2904d74bc48d6dc3ba1db6c
0xd0ea88eacb6100e1360c65a89bb905c8b315f8cce3b560f50d964be22bd0e4ae,23533188,0xca519ea8689f06f98213f7e820022044c3a50028,0x3ac7a6635d99f376c3c05442f7eef62d349c3a55,0,2025-10-08 00:00:00.000000 UTC,0x8aee90d162bc7a53a2904d74bc48d6dc3ba1db6c
0x26f0ecfaf1b3c5a2685fd14dc53734180a003bd8a79662fb97420aaf9fd7e962,23481982,0x8aee90d162bc7a53a2904d74bc48d6dc3ba1db6c,0x3cd61be585d2c3beb849e39d99c4a1b65ff38545,5000000000000000,2025-10-01 00:00:00.000000 UTC,0x8aee90d162bc7a53a2904d74bc48d6dc3ba1db6c
0xcf9735252afa61b97919395386a19ecff2194ab2fc637d1696f0b4f34552f9de,23611182,0x01e0b21888d74901670aca0c8f3321bfad14e2f2,0xa2a786ff9148f7c88ee93372db8cbe9e94585c74,0,2025-10-19 00:00:00.000000 UTC,0x8aee90d162bc7a53a2904d74bc48d6dc3ba1db6c
0x50fc477767bf26c9774078b5ce8937f6ed3a7cbf329cc9654bc3e71a9d0e7319,23422954,0xafd8fb69e850d2da8ac47e4443b0140f4de5fb4f,0xa2a786ff9148f7c88ee93372db8cbe9e94585c74,22022265546926,2025-09-23 00:00:00.000000 UTC,0x8aee90d162bc7a53a2904d74bc48d6dc3ba1db6c
0x2c0155a36fcb84865bbe059efaf9321db23298eea0f4a3559b3dc82d93979969,23600244,0x144a587c4e0bb68defaa482d3c62e69ff6e03215,0xa2a786ff9148f7c88ee93372db8cbe9e94585c74,6054053367445,2025-10-17 00:00:00.000000 UTC,0x8aee90d162bc7a53a2904d74bc48d6dc3ba1db6c
0x9b08bbf6970df45816694b67a04fe114b4fa3ea9cdb0bd401390489c71697b2e,23512674,0x45c52fb4161585b4f8b50b083d49dd6bc722a2ec,0xa2a786ff9148f7c88ee93372db8cbe9e94585c74,6065840347792,2025-10-05 00:00:00.000000 UTC,0x8aee90d162bc7a53a2904d74bc48d6dc3ba1db6c
0x49e48b83478a78fd5bd064fd6689f971102a1fdf72fad8ca5e0a33fb51eaa303,23532931,0x6cd2e2507ca7177debd76f8a8c581e055c39d9bf,0x48b847cf774a5710f36f594b11fc10e2e59bba72,0,2025-10-08 00:00:00.000000 UTC,0x8aee90d162bc7a53a2904d74bc48d6dc3ba1db6c
0x3471a63abd6a96da1a50423b920c2e1688c0853388c400de4285bbbfbef6d132,23476902,0xb5b56fcdf374cdab0ceae4bb75844d2a6e59d4d7,0xa2a786ff9148f7c88ee93372db8cbe9e94585c74,8618072246863,2025-09-30 00:00:00.000000 UTC,0x8aee90d162bc7a53a2904d74bc48d6dc3ba1db6c
0xb47ae7b4f0a860fdfce7115943be6e49b43bf4a819d2e17f351d4b29939ccbfd,23445985,0xf9be4d23f5ee8c4ae6c39a7653c0f2386b3c8130,0xa2a786ff9148f7c88ee93372db8cbe9e94585c74,13681009291815,2025-09-26 00:00:00.000000 UTC,0x8aee90d162bc7a53a2904d74bc48d6dc3ba1db6c
0x893bafdb1220ea582d920ca9667e444948d490073cbcbc6551ab53d39ca55b10,23445835,0x48cce57c4d2dbb31eaf79575abf482bbb8dc071d,0xa2a786ff9148f7c88ee93372db8cbe9e94585c74,100050236863048636,2025-09-26 00:00:00.000000 UTC,0x8aee90d162bc7a53a2904d74bc48d6dc3ba1db6c
0xaada8f5fb007610ccad9b06ed28772c19f9b854b756ce26c1a9a79552282efb6,23516865,0xa57733d5c570732c6fbee7013f553bf7716881a3,0xa2a786ff9148f7c88ee93372db8cbe9e94585c74,12161664818025,2025-10-06 00:00:00.000000 UTC,0x8aee90d162bc7a53a2904d74bc48d6dc3ba1db6c
0xe87863ca7db85a5d62912dba6caca747132937a8ff0aebe387adb53c3677e93b,23505799,0x04578e7ce3c325766c37a8201c1b3a35465075f3,0x8aee90d162bc7a53a2904d74bc48d6dc3ba1db6c,36956377930237542,2025-10-04 00:00:00.000000 UTC,0x8aee90d162bc7a53a2904d74bc48d6dc3ba1db6c
0x6d6f1700bf56b14c3cb261764cf16d1222a1ec876e980200eecc25333ac88e80,23532882,0xca519ea8689f06f98213f7e820022044c3a50028,0x3ac7a6635d99f376c3c05442f7eef62d349c3a55,0,2025-10-08 00:00:00.000000 UTC,0x8aee90d162bc7a53a2904d74bc48d6dc3ba1db6c
0x26f0ecfaf1b3c5a2685fd14dc53734180a003bd8a79662fb97420aaf9fd7e962,23481982,0x8aee90d162bc7a53a2904d74bc48d6dc3ba1db6c,0x3cd61be585d2c3beb849e39d99c4a1b65ff38545,5000000000000000,2025-10-01 00:00:00.000000 UTC,0x8aee90d162bc7a53a2904d74bc48d6dc3ba1db6c
0x6125e0dfc620735ccbeee5eefaa6dcab5ba77af1290a12d1b39f2518fa3ab9d4,23582462,0x8aee90d162bc7a53a2904d74bc48d6dc3ba1db6c,0x01791f726b4103694969820be083196cc7c045ff,0,2025-10-15 00:00:00.000000 UTC,0x8aee90d162bc7a53a2904d74bc48d6dc3ba1db6c
0x1d482b65aacbaaf00849d96d1632ac0644ed3995ea95c985901782c292691ae6,23582663,0x8aee90d162bc7a53a2904d74bc48d6dc3ba1db6c,0x01791f726b4103694969820be083196cc7c045ff,0,2025-10-15 00:00:00.000000 UTC,0x8aee90d162bc7a53a2904d74bc48d6dc3ba1db6c
0xba53636459f357d88fb0fdbdc50f49d8862e766a41116551d697ff76c1496458,23461043,0x1790b04c0cb9ded5786931b7b119eb487595a3e2,0xa2a786ff9148f7c88ee93372db8cbe9e94585c74,1021920221423542,2025-09-28 00:00:00.000000 UTC,0x8aee90d162bc7a53a2904d74bc48d6dc3ba1db6c
0x7a6bbf8349e67a36e2db5835c1e1b372b79071b72b55a405e4640af11885fd62,23536899,0xc6d252fe5624d7656bed08dc7c7e507af390100e,0xa2a786ff9148f7c88ee93372db8cbe9e94585c74,7590731197741,2025-10-09 00:00:00.000000 UTC,0x8aee90d162bc7a53a2904d74bc48d6dc3ba1db6c
0x84f636171a46065a5309798bb98a8039cb65cdea20d544aec866602b5ba7f09f,23423860,0x18ca32bc90ead44a3e6f633f146789958ef00ac7,0xa2a786ff9148f7c88ee93372db8cbe9e94585c74,33034907026947,2025-09-23 00:00:00.000000 UTC,0x8aee90d162bc7a53a2904d74bc48d6dc3ba1db6c
0x1b0c06ccb094439d1d0b52002dd1fc598126fe5c32c6c13f3d8ba3ccc9da1edf,23532271,0x8aee90d162bc7a53a2904d74bc48d6dc3ba1db6c,0xac2a0e3816c8ff1e8a4b0bd6d59b0f7d6389785f,1000000000000000,2025-10-08 00:00:00.000000 UTC,0x8aee90d162bc7a53a2904d74bc48d6dc3ba1db6c
0xb7e5e0fbda20715a160671bae08829f760385f1ace452d08f1cc78bf35938fbc,23469109,0x8aee90d162bc7a53a2904d74bc48d6dc3ba1db6c,0x1178c6a8e2600f0e9bafbc5e5677fe10805f05e3,0,2025-09-29 00:00:00.000000 UTC,0x8aee90d162bc7a53a2904d74bc48d6dc3ba1db6c
0xaede00822e4a4c298afd084f2986c6ddc25000094b17b863402fca635293d649,23470713,0x8aee90d162bc7a53a2904d74bc48d6dc3ba1db6c,0x28be6260dbb7872de5effc9a4a73c85b7405a8c0,0,2025-09-29 00:00:00.000000 UTC,0x8aee90d162bc7a53a2904d74bc48d6dc3ba1db6c
0xf92b76c845907fe51ae460efe7cae650cd2c6434b47a1bf4e1f17bbce013dc92,23533185,0xca519ea8689f06f98213f7e820022044c3a50028,0x48b847cf774a5710f36f594b11fc10e2e59bba72,0,2025-10-08 00:00:00.000000 UTC,0x8aee90d162bc7a53a2904d74bc48d6dc3ba1db6c
0x83ec82704d6808218b3666e0a725f1e9b146ebab8a5665f0362a9d9c98fad312,23532933,0x6cd2e2507ca7177debd76f8a8c581e055c39d9bf,0x48b847cf774a5710f36f594b11fc10e2e59bba72,0,2025-10-08 00:00:00.000000 UTC,0x8aee90d162bc7a53a2904d74bc48d6dc3ba1db6c
0xa0b5d2051b4f7658564f94ea499a4c4b7864f815a0549e23f464adf319904368,23635121,0xced9db8124d4f1aaed9b4ce85ece50a9aaed8416,0xa2a786ff9148f7c88ee93372db8cbe9e94585c74,52884490413251,2025-10-22 00:00:00.000000 UTC,0x8aee90d162bc7a53a2904d74bc48d6dc3ba1db6c
0x1c09637825006f4769446b08ee7fed903488f77474b0a3fc189692a9a5dd4c21,23451713,0x37c0ac6556dc5323f26c26b50363bd777ff5a223,0xa2a786ff9148f7c88ee93372db8cbe9e94585c74,1400121508474532540,2025-09-27 00:00:00.000000 UTC,0x8aee90d162bc7a53a2904d74bc48d6dc3ba1db6c
0x0619dad865fdf8b2d1cf647a41a5d286f9acfaa6ed860d4f2785e2e94669c976,23564649,0xfa9c03a36b626b983f031ddb2f1d5a70f8be84bc,0xa2a786ff9148f7c88ee93372db8cbe9e94585c74,0,2025-10-12 00:00:00.000000 UTC,0x8aee90d162bc7a53a2904d74bc48d6dc3ba1db6c
0xcf03ba163c5d9f7cc4b6ed38513fc1fad4a31fd199801f9a3f84fc767a5e59ca,23578120,0xcd60153384818fdcb5ee9f549ffbff4fccbd037e,0xa2a786ff9148f7c88ee93372db8cbe9e94585c74,50096402737553247,2025-10-14 00:00:00.000000 UTC,0x8aee90d162bc7a53a2904d74bc48d6dc3ba1db6c
0x7a282a63d3c75845b8cb5ba6eaf06d895e81c31d43a69dfab3c12edfa7aaa4f2,23501120,0x022affe34edb98a961b39e4fb5f8be4a321d857f,0xa2a786ff9148f7c88ee93372db8cbe9e94585c74,1522416195360663,2025-10-04 00:00:00.000000 UTC,0x8aee90d162bc7a53a2904d74bc48d6dc3ba1db6c
0xa71717ab0d43a9dcc32c20eda137306afce3e3f348dae86c6e1c00d73f3af349,23445688,0x48cce57c4d2dbb31eaf79575abf482bbb8dc071d,0xa2a786ff9148f7c88ee93372db8cbe9e94585c74,100014230357957257,2025-09-26 00:00:00.000000 UTC,0x8aee90d162bc7a53a2904d74bc48d6dc3ba1db6c
0xdbc14ce1080b283b730b7530a60badaf9efdd5f1681c244314b2f5cc8943230d,23532936,0x6cd2e2507ca7177debd76f8a8c581e055c39d9bf,0xa2a786ff9148f7c88ee93372db8cbe9e94585c74,11946580871700,2025-10-08 00:00:00.000000 UTC,0x8aee90d162bc7a53a2904d74bc48d6dc3ba1db6c
0xa941788f4cf1c7e008045f711071dd58a247c7b188b9f85f8109d4e10e1691e8,23616780,0xa57733d5c570732c6fbee7013f553bf7716881a3,0xa2a786ff9148f7c88ee93372db8cbe9e94585c74,15027848024014,2025-10-20 00:00:00.000000 UTC,0x8aee90d162bc7a53a2904d74bc48d6dc3ba1db6c
0x9e1a39580cbe24c3a72eda45b5c7c1ec98e3d6ea715d88012a035070c80412a9,23522265,0x66b0d6cd3a7704baeeb42a78122311949ac3b743,0xa2a786ff9148f7c88ee93372db8cbe9e94585c74,23940492177028,2025-10-07 00:00:00.000000 UTC,0x8aee90d162bc7a53a2904d74bc48d6dc3ba1db6c
0xb9fd0f1d9cd45d3b68a9844448c15d39ba25e24fadebf4ae5d33f1f27c026b8a,23489695,0x9752486418d2d955fc75f661b40c0100643991e6,0xa2a786ff9148f7c88ee93372db8cbe9e94585c74,10567474209759,2025-10-02 00:00:00.000000 UTC,0x8aee90d162bc7a53a2904d74bc48d6dc3ba1db6c
0x05c7ced1dafda6aa80f93b411d4270323c913837f3d66a471228e70f59e04e84,23431502,0x84f14f17bc7975d1d359d2a64be98820e919650b,0xa2a786ff9148f7c88ee93372db8cbe9e94585c74,11216584112276,2025-09-24 00:00:00.000000 UTC,0x8aee90d162bc7a53a2904d74bc48d6dc3ba1db6c
0x3d893c63615279dab84894b87e0ea6cd0a2a59112802915ffac33dd7b7c8902f,23504022,0xf0e0a51862d8aa7f9e293021d5ab00065f800c42,0xa2a786ff9148f7c88ee93372db8cbe9e94585c74,6035161156157,2025-10-04 00:00:00.000000 UTC,0x8aee90d162bc7a53a2904d74bc48d6dc3ba1db6c
0x7ba58fb14cee8e978b632285772ac81fa2f455f617c43e056e0b18d26eb26a43,23466927,0x57785ee69c0b006821950342070fff68636e3130,0xa2a786ff9148f7c88ee93372db8cbe9e94585c74,14114225881594,2025-09-29 00:00:00.000000 UTC,0x8aee90d162bc7a53a2904d74bc48d6dc3ba1db6c
0x25b7e1bdeda12bd55f878de009550968927664107276ecae85c63f812da4672b,23569263,0xd298006535a88ecb20b238b9a1ed6a36b4ddc831,0xa2a786ff9148f7c88ee93372db8cbe9e94585c74,180900747068071,2025-10-13 00:00:00.000000 UTC,0x8aee90d162bc7a53a2904d74bc48d6dc3ba1db6c
0x739537c46e4ac980230b1784657fcdbc3767aaea1a06b8e6caacebcfb61374f6,23635930,0x72a0fb5fac0db90631903a7b5849db1b00265f35,0xa2a786ff9148f7c88ee93372db8cbe9e94585c74,3423426709009,2025-10-22 00:00:00.000000 UTC,0x8aee90d162bc7a53a2904d74bc48d6dc3ba1db6c
0x990ebec603fd81fcbaa557d6fe7b55c507d2f89b76e1f08f5b8ee422f3cf9b43,23439999,0xd44ddb201afce9ae09c08833de78fa1f2a3c962d,0xa2a786ff9148f7c88ee93372db8cbe9e94585c74,29977089569595,2025-09-25 00:00:00.000000 UTC,0x8aee90d162bc7a53a2904d74bc48d6dc3ba1db6c
0x3d66fb6b62343f84562a429f0786006446c5245b4ea43f6bf1b9cf31601787f9,23446169,0x8c67a42cfa898af4770a4f23e78c8ec2e638d4a3,0xa2a786ff9148f7c88ee93372db8cbe9e94585c74,323403055092725,2025-09-26 00:00:00.000000 UTC,0x8aee90d162bc7a53a2904d74bc48d6dc3ba1db6c
0x80c071836a53ad92ca3dbd4eb60cc8c39fc957517d6f742e34d55bd0b3c56e01,23553467,0x8aee90d162bc7a53a2904d74bc48d6dc3ba1db6c,0xa0b86991c6218b36c1d19d4a2e9eb0ce3606eb48,0,2025-10-11 00:00:00.000000 UTC,0x8aee90d162bc7a53a2904d74bc48d6dc3ba1db6c
0xc89fe0f45223825121d9520a2558a19459ce4b031ef6b6c86e4ce8ae737afd30,23532862,0xac2a0e3816c8ff1e8a4b0bd6d59b0f7d6389785f,0xca519ea8689f06f98213f7e820022044c3a50028,780044883362132,2025-10-08 00:00:00.000000 UTC,0x8aee90d162bc7a53a2904d74bc48d6dc3ba1db6c
0xdbc14ce1080b283b730b7530a60badaf9efdd5f1681c244314b2f5cc8943230d,23532936,0x6cd2e2507ca7177debd76f8a8c581e055c39d9bf,0xa2a786ff9148f7c88ee93372db8cbe9e94585c74,11946580871700,2025-10-08 00:00:00.000000 UTC,0x8aee90d162bc7a53a2904d74bc48d6dc3ba1db6c
0x26f783114937bbc142f0df170d0909244ffe5966e2811f792650d39c44fb4dd4,23451815,0x1f13d49333ce0734c98a4c17ba37ba26d35a281a,0xa2a786ff9148f7c88ee93372db8cbe9e94585c74,9714961573914,2025-09-27 00:00:00.000000 UTC,0x8aee90d162bc7a53a2904d74bc48d6dc3ba1db6c
0x2e585aceaecf0b9e29573dba774ec995225bf3d83e000ef622bf32f55d2dfa72,23463419,0x57785ee69c0b006821950342070fff68636e3130,0xa2a786ff9148f7c88ee93372db8cbe9e94585c74,14655335067489,2025-09-28 00:00:00.000000 UTC,0x8aee90d162bc7a53a2904d74bc48d6dc3ba1db6c
0xf2edfe0dbc655e41fcecfad8bbb7d4d84ccb30e4149a574e4a97b4bc5372f339,23494749,0x2508f1966c91c004e632efab6ab643af71926cd4,0xa2a786ff9148f7c88ee93372db8cbe9e94585c74,11652284178481,2025-10-03 00:00:00.000000 UTC,0x8aee90d162bc7a53a2904d74bc48d6dc3ba1db6c
0xd82618eaee77691c484e7f523a0fd48e55c4fdf95a3b019dbeb25f496e0ea654,23449955,0x58bb2bb57be551e56be5efcfc1eee5cbeb971616,0xa2a786ff9148f7c88ee93372db8cbe9e94585c74,7206599026065,2025-09-26 00:00:00.000000 UTC,0x8aee90d162bc7a53a2904d74bc48d6dc3ba1db6c
0x08c7e5a8ea56a4b852a49d9e6b3f18f0c5aaa5b648424082f07a93705bdc33b2,23503948,0x13bbb09b52e848da0c5c6f64e8a830b9b1144e9d,0xa2a786ff9148f7c88ee93372db8cbe9e94585c74,83990639417,2025-10-04 00:00:00.000000 UTC,0x8aee90d162bc7a53a2904d74bc48d6dc3ba1db6c
0x1b5d6b552d7822c3a961c8cfbc18ea1ae7f704d1bd0615543c94059f8b0950d5,23493430,0xc6d252fe5624d7656bed08dc7c7e507af390100e,0xa2a786ff9148f7c88ee93372db8cbe9e94585c74,8936047860429,2025-10-02 00:00:00.000000 UTC,0x8aee90d162bc7a53a2904d74bc48d6dc3ba1db6c
0xe7d5782b708e53db46cd15b1895c0b4aa4dc5a8e418ea1087616b19f600fb724,23602183,0xef80c44d996ebac95aa62589986fb3fcdfe3f7d9,0xa2a786ff9148f7c88ee93372db8cbe9e94585c74,2440962524514,2025-10-18 00:00:00.000000 UTC,0x8aee90d162bc7a53a2904d74bc48d6dc3ba1db6c
0x59d6ff9f65d4ab3c164744974eb84e85d7bb1f84c96fae4cac881500e646a465,23438106,0x58d6f20e74282737dfbac05de198607d6117b37d,0xa2a786ff9148f7c88ee93372db8cbe9e94585c74,1009191347984513,2025-09-25 00:00:00.000000 UTC,0x8aee90d162bc7a53a2904d74bc48d6dc3ba1db6c
0x20cfc89d773089a1f21a1e2f5cbee4209bae17e04c82e6b1ec938642de71939b,23453155,0x8aee90d162bc7a53a2904d74bc48d6dc3ba1db6c,0x0439e60f02a8900a951603950d8d4527f400c3f1,0,2025-09-27 00:00:00.000000 UTC,0x8aee90d162bc7a53a2904d74bc48d6dc3ba1db6c
0x6eb6e36771e1e7dec58742088d6ba84e2f72b54fcdc4183fc14134ce1a2cdb0f,23602469,0xef80c44d996ebac95aa62589986fb3fcdfe3f7d9,0xa2a786ff9148f7c88ee93372db8cbe9e94585c74,2429788427084,2025-10-18 00:00:00.000000 UTC,0x8aee90d162bc7a53a2904d74bc48d6dc3ba1db6c
0xba6f207b3fc7ea0eb6c99c888494bb6a9983b6e371d9fb4082f236a6069846a7,23425489,0xe5ae5aac9a19ec43abdd161e95640a1cc12ae348,0xa2a786ff9148f7c88ee93372db8cbe9e94585c74,9303437704588,2025-09-23 00:00:00.000000 UTC,0x8aee90d162bc7a53a2904d74bc48d6dc3ba1db6c
0x1b0c06ccb094439d1d0b52002dd1fc598126fe5c32c6c13f3d8ba3ccc9da1edf,23532271,0x8aee90d162bc7a53a2904d74bc48d6dc3ba1db6c,0xac2a0e3816c8ff1e8a4b0bd6d59b0f7d6389785f,1000000000000000,2025-10-08 00:00:00.000000 UTC,0x8aee90d162bc7a53a2904d74bc48d6dc3ba1db6c
0xdedbf8d76fe613be03eec8934162f6380550ae483be0903574873c45b522ae4b,23601385,0xa9ffe7dbe8cb20f493dbf875ff0fdb10fedbcc24,0xa2a786ff9148f7c88ee93372db8cbe9e94585c74,7763423544554,2025-10-18 00:00:00.000000 UTC,0x8aee90d162bc7a53a2904d74bc48d6dc3ba1db6c
0x6ade94bca00e7f00748c7385845d7468006e1f0c65bc988f0b671503637111a4,23553093,0xa3d7b9f6614903040372db1d8b221a717e4f026a,0xa2a786ff9148f7c88ee93372db8cbe9e94585c74,7029473507146,2025-10-11 00:00:00.000000 UTC,0x8aee90d162bc7a53a2904d74bc48d6dc3ba1db6c
0x4bfa434cb7b2141430e408e12565b1517ca077b9a1664768b5f70bdc7a258903,23450756,0xc6d252fe5624d7656bed08dc7c7e507af390100e,0xa2a786ff9148f7c88ee93372db8cbe9e94585c74,7190022531521,2025-09-27 00:00:00.000000 UTC,0x8aee90d162bc7a53a2904d74bc48d6dc3ba1db6c
0xac798d0e471cc768e0c7dc720c6bc24a0f1b627f32e9bbad47f191ffae7625c4,23545729,0x44d29f42ea82d1e25cc070d7ae696494fe2eb432,0xa2a786ff9148f7c88ee93372db8cbe9e94585c74,106403988627040,2025-10-10 00:00:00.000000 UTC,0x8aee90d162bc7a53a2904d74bc48d6dc3ba1db6c
0xf5873218dc577d095bd25b6a56651bb2633509642221dd7d4173442f18bd258b,23463572,0x57785ee69c0b006821950342070fff68636e3130,0xa2a786ff9148f7c88ee93372db8cbe9e94585c74,20613937501240,2025-09-28 00:00:00.000000 UTC,0x8aee90d162bc7a53a2904d74bc48d6dc3ba1db6c
0x96145e95c0d4e9dfc65cc48f23789446c39bd91836a3a112129c9b5283fe7c9c,23426969,0x8aee90d162bc7a53a2904d74bc48d6dc3ba1db6c,0xa0b86991c6218b36c1d19d4a2e9eb0ce3606eb48,0,2025-09-23 00:00:00.000000 UTC,0x8aee90d162bc7a53a2904d74bc48d6dc3ba1db6c
0x4ad58731dc0aa2d36e283a64c5be25952146c78c7e26282434275831315b5f89,23469318,0x8aee90d162bc7a53a2904d74bc48d6dc3ba1db6c,0xfa1c09fc8b491b6a4d3ff53a10cad29381b3f949,0,2025-09-29 00:00:00.000000 UTC,0x8aee90d162bc7a53a2904d74bc48d6dc3ba1db6c
0xc89fe0f45223825121d9520a2558a19459ce4b031ef6b6c86e4ce8ae737afd30,23532862,0xac2a0e3816c8ff1e8a4b0bd6d59b0f7d6389785f,0xca519ea8689f06f98213f7e820022044c3a50028,780044883362132,2025-10-08 00:00:00.000000 UTC,0x8aee90d162bc7a53a2904d74bc48d6dc3ba1db6c
0x109b36694c34a2df2164aeea80fa4964349dfdd2528fe4711f328efae0421669,23463678,0x57785ee69c0b006821950342070fff68636e3130,0xa2a786ff9148f7c88ee93372db8cbe9e94585c74,14348806550420,2025-09-28 00:00:00.000000 UTC,0x8aee90d162bc7a53a2904d74bc48d6dc3ba1db6c
0x9d51bde08cedae90821a0294b8257a4fc8a3bbd20bb13197e1dad57d8aa1a419,23501758,0x7349a18039b9a6ba51e58bab714e5835bc934ad0,0xa2a786ff9148f7c88ee93372db8cbe9e94585c74,9089123735622,2025-10-04 00:00:00.000000 UTC,0x8aee90d162bc7a53a2904d74bc48d6dc3ba1db6c
0xcbc4b8a9a330969ab59c2e0107af515c5b046ddba1c7242818b33ada23992c35,23496021,0x84f14f17bc7975d1d359d2a64be98820e919650b,0xa2a786ff9148f7c88ee93372db8cbe9e94585c74,8573080796879,2025-10-03 00:00:00.000000 UTC,0x8aee90d162bc7a53a2904d74bc48d6dc3ba1db6c
0xc7392892cbcda5254e292a1d7843f473fb5e4a01702167560b061efe352497d3,23527820,0xd132638d22afd8a2137cb45f2f3301da1f8115c7,0xa2a786ff9148f7c88ee93372db8cbe9e94585c74,9470668641030,2025-10-07 00:00:00.000000 UTC,0x8aee90d162bc7a53a2904d74bc48d6dc3ba1db6c
0x1df35f664c34c64ebda610cb7ca2c85dd9cbcabc0f60e31bc3da36fcb7059463,23445744,0x48cce57c4d2dbb31eaf79575abf482bbb8dc071d,0xa2a786ff9148f7c88ee93372db8cbe9e94585c74,100050987855522103,2025-09-26 00:00:00.000000 UTC,0x8aee90d162bc7a53a2904d74bc48d6dc3ba1db6c
0x0bb8a4c71927b981dec13baa61fd754a4ffa7c3195acea9a86cc2a8fd5adbc15,23619497,0x7193342f776ebc03d819dce344a4cb8218613f2e,0xa2a786ff9148f7c88ee93372db8cbe9e94585c74,12262277771164,2025-10-20 00:00:00.000000 UTC,0x8aee90d162bc7a53a2904d74bc48d6dc3ba1db6c
0xbed007f3d9f131854575ea08ed1a1a0e0de2b3ecb7029936176f8e9a773a3e19,23611167,0x01e0b21888d74901670aca0c8f3321bfad14e2f2,0xa2a786ff9148f7c88ee93372db8cbe9e94585c74,226518295110522,2025-10-19 00:00:00.000000 UTC,0x8aee90d162bc7a53a2904d74bc48d6dc3ba1db6c
0x0b026aea74c5b7b382739bb7218aaf7e1059a58a8bf624c3ecc97ba2729d494b,23425430,0x7645b0fac4692a80e40610029225e6a2c04af2ab,0xa2a786ff9148f7c88ee93372db8cbe9e94585c74,22975226920607,2025-09-23 00:00:00.000000 UTC,0x8aee90d162bc7a53a2904d74bc48d6dc3ba1db6c
0x8b4cc8c8927ae0df31f007baa0c44d1046905b493588504e4d10ec51d26f8fda,23529573,0x037b061ff655a872dedbd83c70cc6a8638e94933,0xa2a786ff9148f7c88ee93372db8cbe9e94585c74,153991407268042,2025-10-08 00:00:00.000000 UTC,0x8aee90d162bc7a53a2904d74bc48d6dc3ba1db6c